{
  "fixture": "quick",
  "stage1": {
    "base": {
      "elapsed_ms": 1.8614340006024577,
      "final_loss": 5.856514930725098,
      "passed": false,
      "n_train_steps": 1,
      "discovery_loss": 5.57334566116333,
      "validation_loss": null,
      "compile_ms": 1.7264730013266671,
      "elapsed_ms_median": 1.8569085004855879,
      "compile_ms_median": 1.707338000414893,
      "elapsed_ms_runs": [
        14.880269001878332,
        2.229224999609869,
        1.8617539972183295,
        1.7971929992199875,
        1.852383000368718,
        1.7904129999806173,
        1.788023000699468,
        1.8614340006024577
      ],
      "compile_ms_runs": [
        89.53399299934972,
        2.051313000265509,
        1.771123002981767,
        1.6714340017642826,
        1.688202999503119,
        1.6861139993125107,
        1.679313001659466,
        1.7264730013266671
      ]
    },
    "lean": {
      "elapsed_ms": 1.169401999504771,
      "final_loss": 6.07605504989624,
      "passed": false,
      "n_train_steps": 1,
      "discovery_loss": null,
      "validation_loss": null,
      "compile_ms": 1.7670730012468994,
      "elapsed_ms_median": 1.1737625009118346,
      "compile_ms_median": 1.7442985008528922,
      "elapsed_ms_runs": [
        1.8532030007918365,
        1.3463830000546295,
        1.1745720003091265,
        1.1661019998427946,
        1.2797620001947507,
        1.1729530015145428,
        1.166771999123739,
        1.169401999504771
      ],
      "compile_ms_runs": [
        2.807695000228705,
        2.148914001736557,
        1.6942830006883014,
        1.6987029994197655,
        1.721524000458885,
        1.7081730002246331,
        2.1929750000708736,
        1.7670730012468994
      ]
    },
    "speedup": 1.5820138222536952,
    "config": {
      "stage1_steps": 1,
      "stage1_batch_size": 1,
      "max_seq_len": 16,
      "model_dim": 32,
      "n_layers": 1,
      "vocab_size": 128,
      "repeats": 8
    }
  },
  "orchestrator": {
    "elapsed_ms": 6.5032530001190025,
    "n_jobs": 2,
    "n_passed": 0,
    "queue_telemetry": {
      "submitted_jobs": 2,
      "completed_jobs": 2,
      "failed_jobs": 0,
      "queue_depth_peak": 2,
      "queue_depth_current": 0,
      "result_queue_depth_current": 0,
      "submit_wait_avg_ms": 0.06305550232355017,
      "submit_wait_max_ms": 0.12138100282754749,
      "job_execution_avg_ms": 1.8730784995568683,
      "job_execution_max_ms": 2.4598849995527416,
      "preprocessing_avg_ms": 2.3247239987540524,
      "prep_queue_wait_avg_ms": 0.10934550118690822,
      "prep_queue_wait_max_ms": 0.14558100156136788,
      "scheduling_wait_avg_ms": 1.3029824986006133,
      "scheduling_wait_max_ms": 2.4974549996841233,
      "candidate_batches": {},
      "training_program_queue": {
        "submitted": 0,
        "completed": 0,
        "failed": 0
      }
    }
  },
  "metrics": {
    "stage1_base_ms": 1.8569,
    "stage1_lean_ms": 1.1738,
    "stage1_speedup": 1.582,
    "stage1_base_compile_ms": 1.7073,
    "stage1_lean_compile_ms": 1.7443,
    "stage1_base_final_loss": 5.856514930725098,
    "stage1_lean_final_loss": 6.07605504989624,
    "orchestrator_total_ms": 6.5033,
    "orchestrator_jobs": 2,
    "orchestrator_passed": 0,
    "queue_submit_wait_ms": 0.0631,
    "queue_prep_wait_ms": 0.1093,
    "queue_scheduling_wait_ms": 1.303,
    "queue_preprocessing_ms": 2.3247,
    "queue_execution_ms": 1.8731,
    "total_time_ms": 9.5339
  },
  "stage1_base_median_ms": 1.8569,
  "stage09_gate_median_ms": 1.1738,
  "stage09_speedup_x": 1.582,
  "orchestrator_total_ms": 6.5033,
  "queue_telemetry": {
    "submitted_jobs": 2,
    "completed_jobs": 2,
    "failed_jobs": 0,
    "queue_depth_peak": 2,
    "queue_depth_current": 0,
    "result_queue_depth_current": 0,
    "submit_wait_avg_ms": 0.06305550232355017,
    "submit_wait_max_ms": 0.12138100282754749,
    "job_execution_avg_ms": 1.8730784995568683,
    "job_execution_max_ms": 2.4598849995527416,
    "preprocessing_avg_ms": 2.3247239987540524,
    "prep_queue_wait_avg_ms": 0.10934550118690822,
    "prep_queue_wait_max_ms": 0.14558100156136788,
    "scheduling_wait_avg_ms": 1.3029824986006133,
    "scheduling_wait_max_ms": 2.4974549996841233,
    "candidate_batches": {},
    "training_program_queue": {
      "submitted": 0,
      "completed": 0,
      "failed": 0
    }
  },
  "perf_contract": {
    "version": 1,
    "generated_at": "2026-05-11T00:36:25Z",
    "component": "research",
    "workload": "experiment_screening_hotpaths",
    "identity": {
      "fixture": "quick",
      "orchestrator_jobs": 2,
      "stage1_repeats": 8
    },
    "runtime": {
      "python": "3.12.3",
      "platform": "linux",
      "pid": 226074
    },
    "metrics": {
      "stage1_base_ms": 1.8569,
      "stage1_lean_ms": 1.1738,
      "stage1_speedup": 1.582,
      "stage1_base_compile_ms": 1.7073,
      "stage1_lean_compile_ms": 1.7443,
      "stage1_base_final_loss": 5.856514930725098,
      "stage1_lean_final_loss": 6.07605504989624,
      "orchestrator_total_ms": 6.5033,
      "orchestrator_jobs": 2,
      "orchestrator_passed": 0,
      "queue_submit_wait_ms": 0.0631,
      "queue_prep_wait_ms": 0.1093,
      "queue_scheduling_wait_ms": 1.303,
      "queue_preprocessing_ms": 2.3247,
      "queue_execution_ms": 1.8731,
      "total_time_ms": 9.5339
    },
    "budget_profile": null,
    "budget_verdict": null,
    "duplicate_work": {
      "detected_count": 0,
      "repeated_keys": {},
      "avoided_count": 0,
      "avoided_keys": {},
      "estimated_wasted_ms": 0.0,
      "hints": []
    },
    "warnings": [],
    "artifact_path": "tasks/audit/perf_artifacts/research/2026-05-11/screening_hotpaths_quick.json"
  }
}