{
  "generated_at": 1772246742.0407329,
  "alpha": 1.0,
  "beta": 3.0,
  "min_support": 5,
  "op_penalties": {
    "reciprocal": 0.4050420168067227,
    "concat": 0.4930579460699944,
    "split2": 0.5043722943722945,
    "learnable_scale": 0.43588435374149664,
    "matmul": 0.5341558441558444,
    "sub": 0.4650260104041619,
    "log": 0.42081128747795404,
    "tanh": 0.4669642857142858,
    "learnable_bias": 0.448469387755102,
    "silu": 0.46461038961038964,
    "add": 0.4551587301587304,
    "integral_kernel": 0.5098124098124098,
    "outer_product": 0.4672897196261685,
    "local_window_attn": 0.4962651727357613,
    "relu": 0.4397473275024297,
    "abs": 0.4355795148247981,
    "sign_ste": 0.42330293819655546,
    "linear_proj": 0.4313605442176874,
    "div_safe": 0.4463320463320464,
    "cos": 0.408058608058608,
    "sin": 0.42668463611859875,
    "linear_proj_up": 0.4898305084745765,
    "rmsnorm": 0.45227272727272744,
    "semi_structured_2_4_linear": 0.3625714285714287,
    "conv1d_seq": 0.45595238095238083,
    "mul": 0.4478991596638658,
    "maximum": 0.5001275510204082,
    "exp": 0.3821428571428571,
    "neg": 0.4423106947697117,
    "sigmoid": 0.419047619047619,
    "minimum": 0.48268765133171915,
    "square": 0.42528735632183945,
    "basis_expansion": 0.39610389610389607,
    "fixed_point_iter": 0.4313095238095238,
    "nm_sparse_linear": 0.35270379338175983,
    "gelu": 0.39564625850340135,
    "topk_gate": 0.4778998778998779,
    "sliding_window_mask": 0.4617760617760618,
    "softmax_last": 0.46821428571428564,
    "fused_linear_gelu": 0.4657596371882086,
    "sqrt": 0.4510204081632653,
    "block_sparse_linear": 0.44807256235827675,
    "selective_scan": 0.3913419913419913,
    "rwkv_channel": 0.4625850340136054,
    "swiglu_mlp": 0.418140589569161,
    "causal_mask": 0.485,
    "linear_proj_down": 0.49271137026239104,
    "cosine_similarity": 0.35612244897959183,
    "layernorm": 0.3333333333333333,
    "moe_2expert": 0.4000000000000001,
    "mod_topk": 0.625,
    "route_lanes": 0.4000000000000001,
    "entropy_router": 0.45,
    "speculative": 0.4000000000000001,
    "mixed_recursion_gate": 0.4000000000000001,
    "gated_linear": 0.4666666666666666,
    "relu_gate_routing": 0.4000000000000001,
    "adaptive_lane_mixer": 0.4000000000000001,
    "rwkv_time_mixing": 0.4000000000000001,
    "early_exit": 0.4000000000000001,
    "compression_mixture_experts": 0.4000000000000001
  },
  "low_support_count": 689
}